{
  "num_frames": 255,
  "mean_time_ms": 5.629049016016663,
  "median_time_ms": 3.8339999737218022,
  "fps": 177.64990092547453,
  "total_time_s": 1.4354074990842491,
  "output_shape": [
    255,
    3,
    320,
    320
  ],
  "output_mean": 0.9807924628257751,
  "output_std": 0.10650872439146042,
  "output_min": 0.0,
  "output_max": 1.0
}